{
  "jaxrs": [
    {
      "name": "AppealInfoAction",
      "methods": [
        {
          "name": "get",
          "uri": "jaxrs/v2/appeal/{id}",
          "method": "GET"
        },
        {
          "name": "managerSetNormal",
          "uri": "jaxrs/v2/appeal/{id}/manager/status",
          "method": "GET"
        },
        {
          "name": "startCheck",
          "uri": "jaxrs/v2/appeal/{id}/start/check",
          "method": "GET"
        },
        {
          "name": "listByPaging",
          "uri": "jaxrs/v2/appeal/list/{page}/size/{size}",
          "method": "POST",
          "enctype": "application/json"
        },
        {
          "name": "resetStatus",
          "uri": "jaxrs/v2/appeal/{id}/reset/status",
          "method": "GET"
        },
        {
          "name": "startProcess",
          "uri": "jaxrs/v2/appeal/{id}/start/process",
          "method": "POST",
          "enctype": "application/json"
        },
        {
          "name": "managerListByPaging",
          "uri": "jaxrs/v2/appeal/list/manager/{page}/size/{size}",
          "method": "POST",
          "enctype": "application/json"
        },
        {
          "name": "endProcess",
          "uri": "jaxrs/v2/appeal/{id}/end/process",
          "method": "POST",
          "enctype": "application/json"
        }
      ]
    },
    {
      "name": "AttendanceAdminAction",
      "methods": [
        {
          "name": "get",
          "uri": "jaxrs/attendanceadmin/{id}",
          "method": "GET"
        },
        {
          "name": "delete",
          "uri": "jaxrs/attendanceadmin/{id}",
          "method": "DELETE",
          "enctype": "application/json"
        },
        {
          "name": "listAllAttendanceAdmin",
          "uri": "jaxrs/attendanceadmin/list/all",
          "method": "GET"
        },
        {
          "name": "post",
          "uri": "jaxrs/attendanceadmin",
          "method": "POST",
          "enctype": "application/json"
        }
      ]
    },
    {
      "name": "AttendanceAppealInfoAction",
      "methods": [
        {
          "name": "get",
          "uri": "jaxrs/attendanceappealInfo/{id}",
          "method": "GET"
        },
        {
          "name": "delete",
          "uri": "jaxrs/attendanceappealInfo/{id}",
          "method": "DELETE",
          "enctype": "application/json"
        },
        {
          "name": "check",
          "uri": "jaxrs/attendanceappealInfo/check ",
          "method": "PUT",
          "enctype": "application/json"
        },
        {
          "name": "create",
          "uri": "jaxrs/attendanceappealInfo/appeal/{id}",
          "method": "PUT",
          "enctype": "application/json"
        },
        {
          "name": "archive",
          "uri": "jaxrs/attendanceappealInfo/archive/{id}",
          "method": "GET"
        },
        {
          "name": "audit",
          "uri": "jaxrs/attendanceappealInfo/audit",
          "method": "PUT",
          "enctype": "application/json"
        },
        {
          "name": "listNextWithFilter",
          "uri": "jaxrs/attendanceappealInfo/filter/list/{id}/next/{count}",
          "method": "PUT",
          "enctype": "application/json"
        },
        {
          "name": "listPrevWithFilter",
          "uri": "jaxrs/attendanceappealInfo/filter/list/{id}/prev/{count}",
          "method": "PUT",
          "enctype": "application/json"
        },
        {
          "name": "createWithWorkFlow",
          "uri": "jaxrs/attendanceappealInfo/workflow/appeal/{id}",
          "method": "PUT",
          "enctype": "application/json"
        },
        {
          "name": "listNextWithFilterWithManager",
          "uri": "jaxrs/attendanceappealInfo/manager/list/{id}/next/{count}",
          "method": "PUT",
          "enctype": "application/json"
        },
        {
          "name": "syncWithWork",
          "uri": "jaxrs/attendanceappealInfo/workflow/sync",
          "method": "PUT",
          "enctype": "application/json"
        }
      ]
    },
    {
      "name": "AttendanceDetailAction",
      "methods": [
        {
          "name": "get",
          "uri": "jaxrs/attendancedetail/{id}",
          "method": "GET"
        },
        {
          "name": "delete",
          "uri": "jaxrs/attendancedetail/{id}",
          "method": "DELETE",
          "enctype": "application/json"
        },
        {
          "name": "listNextWithFilter",
          "uri": "jaxrs/attendancedetail/filter/list/{id}/next/{count}",
          "method": "PUT",
          "enctype": "application/json"
        },
        {
          "name": "listPrevWithFilter",
          "uri": "jaxrs/attendancedetail/filter/list/{id}/prev/{count}",
          "method": "PUT",
          "enctype": "application/json"
        },
        {
          "name": "listUnitAttendanceDetail",
          "uri": "jaxrs/attendancedetail/filter/list/unit",
          "method": "PUT",
          "enctype": "application/json"
        },
        {
          "name": "recive",
          "uri": "jaxrs/attendancedetail/recive",
          "method": "POST",
          "enctype": "application/json"
        },
        {
          "name": "checkDetailWithPersonByCycle",
          "uri": "jaxrs/attendancedetail/checkDetailWithPersonByCycle/{cycleYear}/{cycleMonth}",
          "method": "GET"
        },
        {
          "name": "archiveAttendanceDetail",
          "uri": "jaxrs/attendancedetail/archive/{id}",
          "method": "GET"
        },
        {
          "name": "listAttendanceDetailByBatchName",
          "uri": "jaxrs/attendancedetail/list/{file_id}",
          "method": "GET"
        },
        {
          "name": "listNeedSignPersons",
          "uri": "jaxrs/attendancedetail/list/persons/nonesign",
          "method": "PUT",
          "enctype": "application/json"
        },
        {
          "name": "reciveSingle",
          "uri": "jaxrs/attendancedetail/reciveSingle",
          "method": "POST",
          "enctype": "application/json"
        },
        {
          "name": "analyseAttendanceDetailsForce",
          "uri": "jaxrs/attendancedetail/analyse",
          "method": "POST",
          "enctype": "application/json"
        },
        {
          "name": "reAnalyseDetail",
          "uri": "jaxrs/attendancedetail/analyse/redo",
          "method": "PUT",
          "enctype": "application/json"
        },
        {
          "name": "analyseAttendanceDetails",
          "uri": "jaxrs/attendancedetail/analyse/{startDate}/{endDate}",
          "method": "GET"
        },
        {
          "name": "listUserAttendanceDetail",
          "uri": "jaxrs/attendancedetail/filter/list/user",
          "method": "PUT",
          "enctype": "application/json"
        },
        {
          "name": "listTopUnitAttendanceDetail",
          "uri": "jaxrs/attendancedetail/filter/list/topUnit",
          "method": "PUT",
          "enctype": "application/json"
        },
        {
          "name": "listAttendanceDetail",
          "uri": "jaxrs/attendancedetail/filter/list",
          "method": "PUT",
          "enctype": "application/json"
        },
        {
          "name": "analyseAttendanceDetail",
          "uri": "jaxrs/attendancedetail/analyse/id/{id}",
          "method": "GET"
        }
      ]
    },
    {
      "name": "AttendanceDetailMobileAction",
      "methods": [
        {
          "name": "get",
          "uri": "jaxrs/attendancedetail/mobile/{id}",
          "method": "GET"
        },
        {
          "name": "delete",
          "uri": "jaxrs/attendancedetail/mobile/{id}",
          "method": "DELETE",
          "enctype": "application/json"
        },
        {
          "name": "reciveForMobile",
          "uri": "jaxrs/attendancedetail/mobile/recive",
          "method": "POST",
          "enctype": "application/json"
        },
        {
          "name": "mobilePreview",
          "uri": "jaxrs/attendancedetail/mobile/mobilepreview",
          "method": "GET"
        },
        {
          "name": "listDataForMobile",
          "uri": "jaxrs/attendancedetail/mobile/filter/list/page/{page}/count/{count}",
          "method": "PUT",
          "enctype": "application/json"
        },
        {
          "name": "listMyRecords",
          "uri": "jaxrs/attendancedetail/mobile/my",
          "method": "GET"
        }
      ]
    },
    {
      "name": "AttendanceEmployeeConfigAction",
      "methods": [
        {
          "name": "get",
          "uri": "jaxrs/attendanceemployeeconfig/{id}",
          "method": "GET"
        },
        {
          "name": "delete",
          "uri": "jaxrs/attendanceemployeeconfig/{id}",
          "method": "DELETE",
          "enctype": "application/json"
        },
        {
          "name": "listAllAttendanceEmployeeConfig",
          "uri": "jaxrs/attendanceemployeeconfig/list/all",
          "method": "GET"
        },
        {
          "name": "post",
          "uri": "jaxrs/attendanceemployeeconfig",
          "method": "POST",
          "enctype": "application/json"
        }
      ]
    },
    {
      "name": "AttendanceImportFileInfoAction",
      "methods": [
        {
          "name": "get",
          "uri": "jaxrs/attendanceimportfileinfo/{id}",
          "method": "GET"
        },
        {
          "name": "delete",
          "uri": "jaxrs/attendanceimportfileinfo/{id}",
          "method": "DELETE",
          "enctype": "application/json"
        },
        {
          "name": "listAllAttendanceImportFileInfo",
          "uri": "jaxrs/attendanceimportfileinfo/list/all",
          "method": "GET"
        }
      ]
    },
    {
      "name": "AttendanceScheduleSettingAction",
      "methods": [
        {
          "name": "get",
          "uri": "jaxrs/attendanceschedulesetting/{id}",
          "method": "GET"
        },
        {
          "name": "delete",
          "uri": "jaxrs/attendanceschedulesetting/{id}",
          "method": "DELETE",
          "enctype": "application/json"
        },
        {
          "name": "listAttendanceScheduleSettingByUnit",
          "uri": "jaxrs/attendanceschedulesetting/list/unit/{name}",
          "method": "GET"
        },
        {
          "name": "listAllAttendanceScheduleSetting",
          "uri": "jaxrs/attendanceschedulesetting/list/all",
          "method": "GET"
        },
        {
          "name": "listAttendanceScheduleSettingByTopUnit",
          "uri": "jaxrs/attendanceschedulesetting/list/topUnit/{name}",
          "method": "GET"
        },
        {
          "name": "post",
          "uri": "jaxrs/attendanceschedulesetting",
          "method": "POST",
          "enctype": "application/json"
        }
      ]
    },
    {
      "name": "AttendanceSelfHolidayAction",
      "methods": [
        {
          "name": "delete",
          "uri": "jaxrs/attendanceselfholiday/{id}",
          "method": "DELETE",
          "enctype": "application/json"
        },
        {
          "name": "listNextWithFilter",
          "uri": "jaxrs/attendanceselfholiday/filter/list/{id}/next/{count}",
          "method": "PUT",
          "enctype": "application/json"
        },
        {
          "name": "listPrevWithFilter",
          "uri": "jaxrs/attendanceselfholiday/filter/list/{id}/prev/{count}",
          "method": "PUT",
          "enctype": "application/json"
        },
        {
          "name": "listAllAttendanceSelfHoliday",
          "uri": "jaxrs/attendanceselfholiday/list/all",
          "method": "GET"
        },
        {
          "name": "post",
          "uri": "jaxrs/attendanceselfholiday",
          "method": "POST",
          "enctype": "application/json"
        }
      ]
    },
    {
      "name": "AttendanceSelfHolidaySimpleAction",
      "methods": [
        {
          "name": "deleteByWfDocId",
          "uri": "jaxrs/selfholidaysimple/docId/{docId}",
          "method": "DELETE",
          "enctype": "application/json"
        },
        {
          "name": "post",
          "uri": "jaxrs/selfholidaysimple",
          "method": "POST",
          "enctype": "application/json"
        }
      ]
    },
    {
      "name": "AttendanceSettingAction",
      "methods": [
        {
          "name": "get",
          "uri": "jaxrs/attendancesetting/{id}",
          "method": "GET"
        },
        {
          "name": "delete",
          "uri": "jaxrs/attendancesetting/{id}",
          "method": "DELETE",
          "enctype": "application/json"
        },
        {
          "name": "save",
          "uri": "jaxrs/attendancesetting",
          "method": "POST",
          "enctype": "application/json"
        },
        {
          "name": "enableType",
          "uri": "jaxrs/attendancesetting/enable/type",
          "method": "GET"
        },
        {
          "name": "getWithCode",
          "uri": "jaxrs/attendancesetting/code/{code}",
          "method": "GET"
        },
        {
          "name": "listAllAttendanceSetting",
          "uri": "jaxrs/attendancesetting/list/all",
          "method": "GET"
        }
      ]
    },
    {
      "name": "AttendanceStatisticAction",
      "methods": [
        {
          "name": "doStatistic",
          "uri": "jaxrs/statistic/do",
          "method": "GET"
        }
      ]
    },
    {
      "name": "AttendanceStatisticRequireLogAction",
      "methods": [
        {
          "name": "get",
          "uri": "jaxrs/attendancestatisticrequirelog/{id}",
          "method": "GET"
        },
        {
          "name": "delete",
          "uri": "jaxrs/attendancestatisticrequirelog/{id}",
          "method": "DELETE",
          "enctype": "application/json"
        },
        {
          "name": "listAllAttendanceStatisticRequireLog",
          "uri": "jaxrs/attendancestatisticrequirelog/list/all",
          "method": "GET"
        },
        {
          "name": "post",
          "uri": "jaxrs/attendancestatisticrequirelog",
          "method": "POST",
          "enctype": "application/json"
        }
      ]
    },
    {
      "name": "AttendanceStatisticShowAction",
      "methods": [
        {
          "name": "showStdForUnitWithDate",
          "uri": "jaxrs/statisticshow/unit/day/{name}/{date}",
          "method": "GET"
        },
        {
          "name": "showStdForUnitInTopUnitWithDate",
          "uri": "jaxrs/statisticshow/unit/day/topUnit/{name}/{date}",
          "method": "GET"
        },
        {
          "name": "showStForUnitInTopUnit",
          "uri": "jaxrs/statisticshow/unit/topUnit/{name}/{year}/{month}",
          "method": "GET"
        },
        {
          "name": "showStmForPerson",
          "uri": "jaxrs/statisticshow/person/{name}/{year}/{month}",
          "method": "GET"
        },
        {
          "name": "showStForPersonInUnit",
          "uri": "jaxrs/statisticshow/persons/unit/{name}/{year}/{month}",
          "method": "GET"
        },
        {
          "name": "showStmForUnit",
          "uri": "jaxrs/statisticshow/unit/{name}/{year}/{month}",
          "method": "GET"
        },
        {
          "name": "showStForPersonInUnitSubNested",
          "uri": "jaxrs/statisticshow/persons/unit/subnested/{name}/{year}/{month}",
          "method": "GET"
        },
        {
          "name": "listStmForPersonNextWithFilter",
          "uri": "jaxrs/statisticshow/filter/personMonth/list/{id}/next/{count}",
          "method": "PUT",
          "enctype": "application/json"
        },
        {
          "name": "showStdForTopUnit",
          "uri": "jaxrs/statisticshow/topUnit/day/{name}/{year}/{month}",
          "method": "GET"
        },
        {
          "name": "showStdForUnit",
          "uri": "jaxrs/statisticshow/unit/day/{name}/{year}/{month}",
          "method": "GET"
        },
        {
          "name": "listStmForTopUnitPrevWithFilter",
          "uri": "jaxrs/statisticshow/filter/topUnitMonth/list/{id}/prev/{count}",
          "method": "PUT",
          "enctype": "application/json"
        },
        {
          "name": "listStdForTopUnitPrevWithFilter",
          "uri": "jaxrs/statisticshow/filter/topUnitDay/list/{id}/prev/{count}",
          "method": "PUT",
          "enctype": "application/json"
        },
        {
          "name": "showStmForUnitSubnested",
          "uri": "jaxrs/statisticshow/unit/subnested/{name}/{year}/{month}",
          "method": "GET"
        },
        {
          "name": "showStmForTopUnit",
          "uri": "jaxrs/statisticshow/topUnit/{name}/{year}/{month}",
          "method": "GET"
        },
        {
          "name": "listStdForUnitNextWithFilter",
          "uri": "jaxrs/statisticshow/filter/unitDay/list/{id}/next/{count}",
          "method": "PUT",
          "enctype": "application/json"
        },
        {
          "name": "listStmForUnitNextWithFilter",
          "uri": "jaxrs/statisticshow/filter/unitMonth/list/{id}/next/{count}",
          "method": "PUT",
          "enctype": "application/json"
        },
        {
          "name": "listStmForUnitPrevWithFilter",
          "uri": "jaxrs/statisticshow/filter/unitMonth/list/{id}/prev/{count}",
          "method": "PUT",
          "enctype": "application/json"
        },
        {
          "name": "listStmForTopUnitNextWithFilter",
          "uri": "jaxrs/statisticshow/filter/topUnitMonth/list/{id}/next/{count}",
          "method": "PUT",
          "enctype": "application/json"
        },
        {
          "name": "listStdForUnitPrevWithFilter",
          "uri": "jaxrs/statisticshow/filter/unitDay/list/{id}/prev/{count}",
          "method": "PUT",
          "enctype": "application/json"
        },
        {
          "name": "listStdForTopUnitNextWithFilter",
          "uri": "jaxrs/statisticshow/filter/topUnitDay/list/{id}/next/{count}",
          "method": "PUT",
          "enctype": "application/json"
        },
        {
          "name": "sumUnitStatistic",
          "uri": "jaxrs/statisticshow/unit/sum/{name}/{year}/{month}",
          "method": "GET"
        },
        {
          "name": "listStmForPersonPrevWithFilter",
          "uri": "jaxrs/statisticshow/filter/personMonth/list/{id}/prev/{count}",
          "method": "PUT",
          "enctype": "application/json"
        }
      ]
    },
    {
      "name": "AttendanceStatisticalCycleAction",
      "methods": [
        {
          "name": "get",
          "uri": "jaxrs/attendancestatisticalcycle/{id}",
          "method": "GET"
        },
        {
          "name": "delete",
          "uri": "jaxrs/attendancestatisticalcycle/{id}",
          "method": "DELETE",
          "enctype": "application/json"
        },
        {
          "name": "cycleDetail",
          "uri": "jaxrs/attendancestatisticalcycle/cycleDetail/{year}/{month}",
          "method": "GET"
        },
        {
          "name": "listAllAttendanceStatisticalCycle",
          "uri": "jaxrs/attendancestatisticalcycle/list/all",
          "method": "GET"
        },
        {
          "name": "post",
          "uri": "jaxrs/attendancestatisticalcycle",
          "method": "POST",
          "enctype": "application/json"
        }
      ]
    },
    {
      "name": "AttendanceWorkDayConfigAction",
      "methods": [
        {
          "name": "get",
          "uri": "jaxrs/attendanceworkdayconfig/{id}",
          "method": "GET"
        },
        {
          "name": "delete",
          "uri": "jaxrs/attendanceworkdayconfig/{id}",
          "method": "DELETE",
          "enctype": "application/json"
        },
        {
          "name": "listWithFilter",
          "uri": "jaxrs/attendanceworkdayconfig/filter",
          "method": "PUT",
          "enctype": "application/json"
        },
        {
          "name": "listAllAttendanceWorkDayConfig",
          "uri": "jaxrs/attendanceworkdayconfig/list/all",
          "method": "GET"
        },
        {
          "name": "post",
          "uri": "jaxrs/attendanceworkdayconfig",
          "method": "POST",
          "enctype": "application/json"
        }
      ]
    },
    {
      "name": "AttendanceWorkPlaceAction",
      "methods": [
        {
          "name": "get",
          "uri": "jaxrs/workplace/{id}",
          "method": "GET"
        },
        {
          "name": "delete",
          "uri": "jaxrs/workplace/{id}",
          "method": "DELETE",
          "enctype": "application/json"
        },
        {
          "name": "listAllAttendanceWorkPlace",
          "uri": "jaxrs/workplace/list/all",
          "method": "GET"
        },
        {
          "name": "post",
          "uri": "jaxrs/workplace",
          "method": "POST",
          "enctype": "application/json"
        }
      ]
    },
    {
      "name": "CacheAction",
      "methods": [
        {
          "name": "configFlush",
          "uri": "jaxrs/cache/config/flush",
          "method": "GET"
        },
        {
          "name": "commonScriptFlush",
          "uri": "jaxrs/cache/commonscript/flush",
          "method": "GET"
        },
        {
          "name": "receive",
          "uri": "jaxrs/cache",
          "method": "POST",
          "enctype": "application/json"
        },
        {
          "name": "detail",
          "uri": "jaxrs/cache/detail",
          "method": "GET"
        }
      ]
    },
    {
      "name": "ConfigAction",
      "methods": [
        {
          "name": "get",
          "uri": "jaxrs/v2/config",
          "method": "GET"
        },
        {
          "name": "postPersonConfig",
          "uri": "jaxrs/v2/config/person",
          "method": "POST",
          "enctype": "application/json"
        },
        {
          "name": "getPersonConfig",
          "uri": "jaxrs/v2/config/person",
          "method": "GET"
        },
        {
          "name": "post",
          "uri": "jaxrs/v2/config",
          "method": "POST",
          "enctype": "application/json"
        }
      ]
    },
    {
      "name": "DetailAction",
      "methods": [
        {
          "name": "recordList",
          "uri": "jaxrs/v2/detail/statistic/{detailId}/list/record",
          "method": "GET"
        },
        {
          "name": "rebuild",
          "uri": "jaxrs/v2/detail/rebuild/person/{person}/date/{date}/",
          "method": "GET"
        },
        {
          "name": "statistic",
          "uri": "jaxrs/v2/detail/statistic/filter",
          "method": "POST",
          "enctype": "application/json"
        },
        {
          "name": "listByPaging",
          "uri": "jaxrs/v2/detail/list/{page}/size/{size}",
          "method": "POST",
          "enctype": "application/json"
        },
        {
          "name": "statisticExport",
          "uri": "jaxrs/v2/detail/statistic/export/filter",
          "method": "POST",
          "enctype": "application/json"
        }
      ]
    },
    {
      "name": "DingdingAttendanceAction",
      "methods": [
        {
          "name": "deleteAllData",
          "uri": "jaxrs/dingding/all",
          "method": "DELETE",
          "enctype": "application/json"
        },
        {
          "name": "syncData",
          "uri": "jaxrs/dingding/sync/from/{dateFrom}/to/{dateTo}/start",
          "method": "GET"
        },
        {
          "name": "statisticPerson",
          "uri": "jaxrs/dingding/statistic/person/year/{year}/month/{month}",
          "method": "GET"
        },
        {
          "name": "listNextDingdingAttendance",
          "uri": "jaxrs/dingding/attendance/list/{id}/next/{count}",
          "method": "PUT",
          "enctype": "application/json"
        },
        {
          "name": "statisticUnit",
          "uri": "jaxrs/dingding/statistic/unit/year/{year}/month/{month}/day/{day}",
          "method": "GET"
        },
        {
          "name": "listDingdingSyncRecord",
          "uri": "jaxrs/dingding/sync/list",
          "method": "GET"
        }
      ]
    },
    {
      "name": "DingdingAttendanceStatisticAction",
      "methods": [
        {
          "name": "unitMonth",
          "uri": "jaxrs/dingdingstatistic/unit/{unit}/{year}/{month}",
          "method": "GET"
        },
        {
          "name": "personMonth",
          "uri": "jaxrs/dingdingstatistic/person/{person}/{year}/{month}",
          "method": "GET"
        },
        {
          "name": "personMonthWithUnit",
          "uri": "jaxrs/dingdingstatistic/person/unit/{unit}/{year}/{month}",
          "method": "GET"
        }
      ]
    },
    {
      "name": "EchoAction",
      "methods": [
        {
          "name": "get",
          "uri": "jaxrs/echo",
          "method": "GET"
        }
      ]
    },
    {
      "name": "FireScheduleAction",
      "methods": [
        {
          "name": "execute",
          "uri": "jaxrs/fireschedule/classname/{className}",
          "method": "GET"
        }
      ]
    },
    {
      "name": "GroupAction",
      "methods": [
        {
          "name": "get",
          "uri": "jaxrs/v2/group/{id}",
          "method": "GET"
        },
        {
          "name": "delete",
          "uri": "jaxrs/v2/group/{id}/delete",
          "method": "GET"
        },
        {
          "name": "getGroupWithShiftByPersonDate",
          "uri": "jaxrs/v2/group/person/{person}/date/{date}",
          "method": "GET"
        },
        {
          "name": "refreshParticipate",
          "uri": "jaxrs/v2/group/{id}/refresh/participate",
          "method": "GET"
        },
        {
          "name": "createOrUpdate",
          "uri": "jaxrs/v2/group",
          "method": "POST",
          "enctype": "application/json"
        },
        {
          "name": "listByPaging",
          "uri": "jaxrs/v2/group/list/{page}/size/{size}",
          "method": "POST",
          "enctype": "application/json"
        },
        {
          "name": "rebuildDetail",
          "uri": "jaxrs/v2/group/rebuild/detail/group/{groupId}/date/{date}",
          "method": "GET"
        }
      ]
    },
    {
      "name": "GroupScheduleAction",
      "methods": [
        {
          "name": "listFilter",
          "uri": "jaxrs/v2/groupschedule/list/filter",
          "method": "POST",
          "enctype": "application/json"
        },
        {
          "name": "configByGroupId",
          "uri": "jaxrs/v2/groupschedule/config/group/{groupId}",
          "method": "GET"
        },
        {
          "name": "listMonth",
          "uri": "jaxrs/v2/groupschedule/list/group/{groupId}/month/{month}",
          "method": "GET"
        },
        {
          "name": "postMonth",
          "uri": "jaxrs/v2/groupschedule",
          "method": "POST",
          "enctype": "application/json"
        }
      ]
    },
    {
      "name": "LeaveAction",
      "methods": [
        {
          "name": "delete",
          "uri": "jaxrs/v2/leave/delete/{id}",
          "method": "GET"
        },
        {
          "name": "input",
          "uri": "jaxrs/v2/leave/import",
          "method": "POST",
          "enctype": "formData"
        },
        {
          "name": "getResult",
          "uri": "jaxrs/v2/leave/import/result/flag/{flag}",
          "method": "GET"
        },
        {
          "name": "listByPaging",
          "uri": "jaxrs/v2/leave/list/{page}/size/{size}",
          "method": "POST",
          "enctype": "application/json"
        },
        {
          "name": "post",
          "uri": "jaxrs/v2/leave",
          "method": "POST",
          "enctype": "application/json"
        },
        {
          "name": "template",
          "uri": "jaxrs/v2/leave/template",
          "method": "GET"
        }
      ]
    },
    {
      "name": "MobileAction",
      "methods": [
        {
          "name": "checkIn",
          "uri": "jaxrs/v2/mobile/check",
          "method": "POST",
          "enctype": "application/json"
        },
        {
          "name": "preCheckIn",
          "uri": "jaxrs/v2/mobile/check/pre",
          "method": "GET"
        }
      ]
    },
    {
      "name": "MyAction",
      "methods": [
        {
          "name": "listDetailWithDate",
          "uri": "jaxrs/v2/my/detail/list",
          "method": "POST",
          "enctype": "application/json"
        },
        {
          "name": "checkIsMyRestDay",
          "uri": "jaxrs/v2/my/rest/date/check",
          "method": "POST",
          "enctype": "application/json"
        },
        {
          "name": "statistic",
          "uri": "jaxrs/v2/my/statistic",
          "method": "POST",
          "enctype": "application/json"
        },
        {
          "name": "versionCheck",
          "uri": "jaxrs/v2/my/version",
          "method": "GET"
        },
        {
          "name": "controls",
          "uri": "jaxrs/v2/my/controls",
          "method": "GET"
        }
      ]
    },
    {
      "name": "QywxAttendanceAction",
      "methods": [
        {
          "name": "deleteAllData",
          "uri": "jaxrs/qywx/all",
          "method": "DELETE",
          "enctype": "application/json"
        },
        {
          "name": "syncData",
          "uri": "jaxrs/qywx/sync/from/{dateFrom}/to/{dateTo}/start",
          "method": "GET"
        },
        {
          "name": "listDingdingAttendance",
          "uri": "jaxrs/qywx/attendance/list/{id}/next/{count}",
          "method": "PUT",
          "enctype": "application/json"
        },
        {
          "name": "listDingdingSyncRecord",
          "uri": "jaxrs/qywx/sync/list",
          "method": "GET"
        }
      ]
    },
    {
      "name": "QywxAttendanceStatisticAction",
      "methods": [
        {
          "name": "unitMonth",
          "uri": "jaxrs/qywxstatistic/unit/{unit}/{year}/{month}",
          "method": "GET"
        },
        {
          "name": "personMonth",
          "uri": "jaxrs/qywxstatistic/person/{person}/{year}/{month}",
          "method": "GET"
        },
        {
          "name": "personMonthWithUnit",
          "uri": "jaxrs/qywxstatistic/person/unit/{unit}/{year}/{month}",
          "method": "GET"
        }
      ]
    },
    {
      "name": "RecordAction",
      "methods": [
        {
          "name": "get",
          "uri": "jaxrs/v2/record/{id}",
          "method": "GET"
        },
        {
          "name": "input",
          "uri": "jaxrs/v2/record/import",
          "method": "POST",
          "enctype": "formData"
        },
        {
          "name": "listByPaging",
          "uri": "jaxrs/v2/record/list/{page}/size/{size}",
          "method": "POST",
          "enctype": "application/json"
        },
        {
          "name": "deleteByDate",
          "uri": "jaxrs/v2/record/delete/people/{people}/date/{date}",
          "method": "GET"
        },
        {
          "name": "inputDailyRecord",
          "uri": "jaxrs/v2/record/import/daily",
          "method": "POST",
          "enctype": "application/json"
        },
        {
          "name": "template",
          "uri": "jaxrs/v2/record/template",
          "method": "GET"
        }
      ]
    },
    {
      "name": "ShiftAction",
      "methods": [
        {
          "name": "get",
          "uri": "jaxrs/v2/shift/{id}",
          "method": "GET"
        },
        {
          "name": "delete",
          "uri": "jaxrs/v2/shift/delete/{id}",
          "method": "GET"
        },
        {
          "name": "shiftCreate",
          "uri": "jaxrs/v2/shift/create",
          "method": "POST",
          "enctype": "application/json"
        },
        {
          "name": "listByPaging",
          "uri": "jaxrs/v2/shift/list/{page}/size/{size}",
          "method": "POST",
          "enctype": "application/json"
        },
        {
          "name": "shiftUpdate",
          "uri": "jaxrs/v2/shift/update",
          "method": "POST",
          "enctype": "application/json"
        }
      ]
    },
    {
      "name": "SysResourceAction",
      "methods": [
        {
          "name": "listResource",
          "uri": "jaxrs/sysresource/filePath/{filePath}",
          "method": "GET"
        }
      ]
    },
    {
      "name": "WorkPlaceV2Action",
      "methods": [
        {
          "name": "delete",
          "uri": "jaxrs/v2/workplace/{id}",
          "method": "DELETE",
          "enctype": "application/json"
        },
        {
          "name": "listAll",
          "uri": "jaxrs/v2/workplace/list/all",
          "method": "GET"
        },
        {
          "name": "listWithWorkPlaceObject",
          "uri": "jaxrs/v2/workplace/list/ids",
          "method": "POST",
          "enctype": "application/json"
        },
        {
          "name": "post",
          "uri": "jaxrs/v2/workplace",
          "method": "POST",
          "enctype": "application/json"
        }
      ]
    }
  ]
}