{
  "Control": {
    "allowRead": true,
    "allowPublishDocument": true,
    "allowSave": true,
    "allowPopularDocument": true,
    "allowEditDocument": true,
    "allowDeleteDocument": true
  },
  "Attachment":  {
    "id": "a5cc5858-cac5-445a-a0a5-888d224eb2f6",
    "site": "attachment_1",
    "name": "13145352_115454884000_2.jpg",
    "appId": "c295f34c-9ce1-4122-b795-820267e32b68",
    "categoryId": "33fb19f0-0670-464d-875c-32fb86148f7a",
    "documentId": "ca74cbef-2a7f-401a-80e3-577ac9839348",
    "creatorUid": "XX@huqi@P",
    "extension": "jpg",
    "length": 364507
  },
  "Document": {
    "creatorPersonShort": "XXX",
    "creatorUnitNameShort": "开发部",
    "creatorTopUnitNameShort": "浙江兰德纵横",
    "id": "3359aedd-c2d8-4d8c-b8b0-02507da1b3f4",
    "summary": "",
    "title": "航天科工外部董事调研组到培训中心调研",
    "documentType": "信息",
    "appId": "c295f34c-9ce1-4122-b795-820267e32b68",
    "appName": "通知公告",
    "categoryId": "33fb19f0-0670-464d-875c-32fb86148f7a",
    "categoryName": "通知公告",
    "categoryAlias": "通知公告-通知公告",
    "form": "dddefed4-4411-4e4e-b982-cdd4cd083443",
    "formName": "通知公告编辑表单",
    "readFormId": "d6f1f596-fcb7-4a87-baaf-7f6cdafe3cec",
    "readFormName": "通知公告阅读表单",
    "creatorPerson": "李义@liyi@P",
    "creatorIdentity": "李义@469d1601-c4a5-46ae-b7bf-4da9af07b6fa@I",
    "creatorUnitName": "浙江兰德纵横@a706f5f0-4a3b-4785-8e1d-0a944bfad4eb@U",
    "creatorTopUnitName": "浙江兰德纵横@a706f5f0-4a3b-4785-8e1d-0a944bfad4eb@U",
    "docStatus": "published",
    "publishTime": "2018-01-04 14:17:16",
    "readPersonList": [
      "张三@zhangsan@P",
      "所有人"
    ],
    "readUnitList": [],
    "readGroupList": [],
    "authorPersonList": [
      "张三@zhangsan@P"
    ],
    "authorUnitList": [],
    "authorGroupList": [],
    "managerList": [
      "张三@zhangsan@P"
    ],
    "pictureList": []
  }
}
