{
  "Work" : {
    "id": "854e2c22-718e-48bb-98db-96f4b43e7ee8",
    "splitValue": "xxxxxxxxxxxxxx",
    "title": "xx7月北京出差报销审批",
    "startTime": "2018-09-07 14:03:22",
    "startTimeMonth": "2018-09",
    "creatorPerson": "张三@zhangsan@P",
    "creatorIdentity": "张三@kfb_zhangsan@I",
    "creatorUnit": "开发部@kfb@U",
    "creatorUnitLevelName": "浙江兰德纵横网络技术股份有限公司/开发部",
    "application": "1dc23336-6be6-402b-bed6-36e707a1dd17",
    "applicationName": "财务管理",
    "applicationAlias": "finance",
    "process": "2207db11-dddf-4ebd-864d-3819f3e173c6",
    "processName": "报销审批流程",
    "processAlias": "",
    "activity": "13d15daf-2ac5-4c1b-a669-1607a0e5ed15",
    "activityName": "部门领导审核",
    "activityAlias": "",
    "activityDescription": "",
    "activityArrivedTime": "2018-09-27 22:49:21",
    "serial": "",
    "errorRetry": 0,
    "splitting": false,
    "form": "db3b2766-93a1-4058-b522-0edb922bd84f",
    "manualTaskIdentityList" : "张三@db3b2766-93a1-4058-b522-0edb922bd84f@I",
    "manualTaskIdentityText" : "张三",
    "embedCompleted": true,
    "activityType": "text:work_activityType",
    "destinationActivityType": "text:work_activityType",
    "workStatus": "text:work_workStatus",
    "goBackStore": "text:work_goBackStore",
    "tickets": "text:work_tickets"
  },
  "WorkParsed" : {
    "id": "854e2c22-718e-48bb-98db-96f4b43e7ee8",
    "splitValue": "xxxxxxxxxxxxxx",
    "title": "xx7月北京出差报销审批",
    "startTime": "2018-09-07 14:03:22",
    "startTimeMonth": "2018-09",
    "creatorPerson": "张三",
    "creatorIdentity": "张三",
    "creatorUnit": "开发部",
    "creatorUnitLevelName": "浙江兰德纵横网络技术股份有限公司/开发部",
    "application": "1dc23336-6be6-402b-bed6-36e707a1dd17",
    "applicationName": "财务管理",
    "applicationAlias": "finance",
    "process": "2207db11-dddf-4ebd-864d-3819f3e173c6",
    "processName": "报销审批流程",
    "processAlias": "",
    "activity": "13d15daf-2ac5-4c1b-a669-1607a0e5ed15",
    "activityName": "部门领导审核",
    "activityAlias": "",
    "activityDescription": "",
    "activityArrivedTime": "2018-09-27 22:49:21",
    "serial": "",
    "errorRetry": 0,
    "splitting": false,
    "form": "db3b2766-93a1-4058-b522-0edb922bd84f",
    "manualTaskIdentityList" : "张三@db3b2766-93a1-4058-b522-0edb922bd84f@I",
    "manualTaskIdentityText" : "张三",
    "activityType": "text:work_activityType",
    "destinationActivityType": "text:work_activityType",
    "workStatus": "text:work_workStatus",
    "goBackStore": "text:work_goBackStore",
    "tickets": "text:work_tickets"
  },
  "WorkCompleted" : {
    "id": "be0195f1-f2e2-4eac-911c-99897a43ff8f",
    "title": "xx7月北京出差报销审批",
    "startTime": "2018-09-19 16:14:16",
    "startTimeMonth": "2018-09",
    "completedTime": "2018-09-19 16:15:28",
    "completedTimeMonth": "2018-09",
    "creatorPerson": "张三@zhangsan@P",
    "creatorIdentity": "张三@kfb_zhangsan@I",
    "creatorUnit": "开发部@kfb@U",
    "creatorUnitLevelName": "浙江兰德纵横网络技术股份有限公司/开发部",
    "application": "1dc23336-6be6-402b-bed6-36e707a1dd17",
    "applicationName": "财务管理",
    "applicationAlias": "finance",
    "process": "2207db11-dddf-4ebd-864d-3819f3e173c6",
    "processName": "报销审批流程",
    "processAlias": "",
    "serial": "",
    "form": "320be1ca-ee49-478f-a751-f65ab67cf818"
  },
  "WorkCompletedParsed" : {
    "id": "be0195f1-f2e2-4eac-911c-99897a43ff8f",
    "title": "xx7月北京出差报销审批",
    "startTime": "2018-09-19 16:14:16",
    "startTimeMonth": "2018-09",
    "completedTime": "2018-09-19 16:15:28",
    "completedTimeMonth": "2018-09",
    "creatorPerson": "张三",
    "creatorIdentity": "张三",
    "creatorUnit": "开发部",
    "creatorUnitLevelName": "浙江兰德纵横网络技术股份有限公司/开发部",
    "application": "1dc23336-6be6-402b-bed6-36e707a1dd17",
    "applicationName": "财务管理",
    "applicationAlias": "finance",
    "process": "2207db11-dddf-4ebd-864d-3819f3e173c6",
    "processName": "报销审批流程",
    "processAlias": "",
    "serial": "",
    "form": "320be1ca-ee49-478f-a751-f65ab67cf818"
  },
  "Task" : {
    "id": "dd476045-7c79-44f7-9dba-f51d322de40f",
    "title": "XX7月北京出差报销审批",
    "startTime": "2018-09-27 22:49:22",
    "startTimeMonth": "2018-09",
    "work": "854e2c22-718e-48bb-98db-96f4b43e7ee8",
    "application": "1dc23336-6be6-402b-bed6-36e707a1dd17",
    "applicationName": "财务管理",
    "applicationAlias": "finance",
    "process": "2207db11-dddf-4ebd-864d-3819f3e173c6",
    "processName": "报销审批流程",
    "processAlias": "",
    "serial": "",
    "person": "张三@zhangsan@P",
    "identity": "张三@kfb_zhangsan@I",
    "unit": "开发部@kfb@U",
    "activity": "13d15daf-2ac5-4c1b-a669-1607a0e5ed15",
    "activityName": "部门领导审核",
    "activityAlias": "",
    "activityDescription": "",
    "creatorPerson": "张三@zhangsan@P",
    "creatorIdentity": "张三@kfb_zhangsan@I",
    "creatorUnit": "开发部@kfb@U",
    "expired": false,
    "urged": false,
    "routeList": [
      "89b58fe0-6dcb-4fe7-8c2e-3f77204df6d4",
      "f3105b7a-2929-4682-aab8-15fef5ea0f23"
    ],
    "routeNameList": [
      "退回申请人",
      "送财务部门复审"
    ],
    "routeOpinionList": [
      "",
      ""
    ],
    "first": true,
    "properties": "text:task_properties",
    "activityType": "text:work_activityType"
  },
  "TaskParsed" : {
    "id": "dd476045-7c79-44f7-9dba-f51d322de40f",
    "title": "XX7月北京出差报销审批",
    "startTime": "2018-09-27 22:49:22",
    "startTimeMonth": "2018-09",
    "work": "854e2c22-718e-48bb-98db-96f4b43e7ee8",
    "application": "1dc23336-6be6-402b-bed6-36e707a1dd17",
    "applicationName": "财务管理",
    "applicationAlias": "finance",
    "process": "2207db11-dddf-4ebd-864d-3819f3e173c6",
    "processName": "报销审批流程",
    "processAlias": "",
    "serial": "",
    "person": "张三",
    "identity": "张三",
    "unit": "开发部",
    "activity": "13d15daf-2ac5-4c1b-a669-1607a0e5ed15",
    "activityName": "部门领导审核",
    "activityAlias": "",
    "activityDescription": "",
    "creatorPerson": "张三@zhangsan@P",
    "creatorIdentity": "张三@kfb_zhangsan@I",
    "creatorUnit": "开发部@kfb@U",
    "expired": false,
    "urged": false,
    "routeList": [
      "89b58fe0-6dcb-4fe7-8c2e-3f77204df6d4",
      "f3105b7a-2929-4682-aab8-15fef5ea0f23"
    ],
    "routeNameList": [
      "退回申请人",
      "送财务部门复审"
    ],
    "routeOpinionList": [
      "",
      ""
    ],
    "first": true,
    "properties": "text:task_properties",
    "activityType": "text:work_activityType"
  },
  "Read" : {
    "id": "dd476045-7c79-44f7-9dba-f51d322de40f",
    "title": "XX7月北京出差报销审批",
    "startTime": "2018-09-27 22:49:22",
    "startTimeMonth": "2018-09",
    "work": "854e2c22-718e-48bb-98db-96f4b43e7ee8",
    "application": "1dc23336-6be6-402b-bed6-36e707a1dd17",
    "applicationName": "财务管理",
    "applicationAlias": "finance",
    "process": "2207db11-dddf-4ebd-864d-3819f3e173c6",
    "processName": "报销审批流程",
    "processAlias": "",
    "completed": false,
    "serial": "",
    "person": "张三@zhangsan@P",
    "identity": "张三@kfb_zhangsan@I",
    "unit": "开发部@kfb@U",
    "activity": "13d15daf-2ac5-4c1b-a669-1607a0e5ed15",
    "activityName": "部门领导审核",
    "activityAlias": "",
    "activityDescription": "",
    "creatorPerson": "张三@zhangsan@P",
    "creatorIdentity": "张三@kfb_zhangsan@I",
    "creatorUnit": "开发部@kfb@U",
    "properties": "text:read_properties",
    "activityType": "text:work_activityType"
  },
  "Activity" : {
    "id": "801087c5-a4e6-4b91-bf4d-a81cdaa04471",
    "name": "办理",
    "description": "",
    "alias": "",
    "resetRange": "department",
    "resetCount": 0,
    "allowReset": true,
    "manualMode": "single"
  },
  "Control" : {
    "allowVisit": true,
    "allowFlow": true,
    "allowProcessing": true,
    "allowReadProcessing": false,
    "allowSave": true,
    "allowReset": false,
    "allowRetract": false,
    "allowReroute": false,
    "allowDelete": true,
    "allowRollback": false,
    "allowAddSplit": false,
    "allowPress": false
  },
  "Attachment" : {
    "id": "56c4e86f-a4c8-4cc2-a150-1a0d2c5febcb",
    "name": "133203a2-92e6-4653-9954-161b72ddb7f9.png",
    "extension": "png",
    "length": 43864,
    "person": "张三@zhangsan@P",
    "lastUpdateTime": "2018-09-27 15:50:34",
    "lastUpdatePerson": "张三@zhangsan@P",
    "activity": "e31ad938-c495-45a6-8d77-b8a9b61a165b",
    "activityName": "申请人",
    "site": "$mediaOpinion",
    "type": "image/png",
    "activityType": "text:work_activityType"
  },
  "FormInfor" : {
    "id": "db3b2766-93a1-4058-b522-0edb922bd84f",
    "name": "报销申请表单",
    "alias": "报销申请表单",
    "description": "",
    "application": "1dc23336-6be6-402b-bed6-36e707a1dd17",
    "lastUpdatePerson": "张三@zhangsan@P",
    "lastUpdateTime": "2018-09-30 22:46:30",
    "icon": "..."
  },
  "Review" : {
    "id": "609714b5-a0d6-4d25-a40b-5414f7253708",
    "job": "fef0af55-cd42-4424-ace1-28bfcd3566db",
    "work": "21404cd7-ab61-4bf4-a890-3fc8fb357379",
    "workCompleted": "",
    "completed": false,
    "title": "文件标题",
    "serial": "",
    "startTime": "2021-12-15 14:03:50",
    "startTimeMonth": "2021-12",
    "completedTimeMonth": "",
    "application": "d2908ce7-6005-4d8c-bb02-6842e1d42bac",
    "applicationName": "应用名称",
    "applicationAlias": "",
    "process": "1533cb6a-6819-4c13-8fbd-acc15f40d903",
    "processName": "流程名称",
    "processAlias": "",
    "person": "xx@huqi@P",
    "creatorPerson": "xx@huqi@P",
    "creatorIdentity": "xxx@97a0584c-b78d-4cf5-8813-b64d9d355369@I",
    "creatorUnit": "xxx@42a21689-1183-4b11-aeb0-2891a290a04e@U",
    "createTime": "2021-12-15 14:03:50",
    "updateTime": "2021-12-15 14:33:47",
    "properties": "text:review_properties"
  },
  "WorkLog": {
    "fromActivityType": "text:work_activityType",
    "arrivedActivityType": "text:work_activityType",
    "properties": "text:workLog_properties",
    "tickets": "text:workLog_tickets"
  },
  "Record": {
    "fromActivityType": "text:work_activityType",
    "arrivedActivityType": "text:work_activityType",
    "properties": "text:record_properties",
    "nextManualList": "text:record_nextManualList"
  }
}
