{
  "jaxrs": [
    {
      "name": "AndFxAction",
      "methods": [
        {
          "name": "moaSso",
          "uri": "jaxrs/andfx/moa/sso/token/{token}/enter/{enterId}",
          "method": "GET"
        }
      ]
    },
    {
      "name": "AuthenticationAction",
      "methods": [
        {
          "name": "mode",
          "uri": "jaxrs/authentication/mode",
          "method": "GET"
        },
        {
          "name": "bind",
          "uri": "jaxrs/authentication/bind",
          "method": "GET"
        },
        {
          "name": "who",
          "uri": "jaxrs/authentication",
          "method": "GET"
        },
        {
          "name": "code",
          "uri": "jaxrs/authentication/code/credential/{credential}",
          "method": "GET"
        },
        {
          "name": "captchaRSAPublicKey",
          "uri": "jaxrs/authentication/captchaRSAPublicKey",
          "method": "GET"
        },
        {
          "name": "codeLogin",
          "uri": "jaxrs/authentication/code",
          "method": "POST",
          "enctype": "application/json"
        },
        {
          "name": "oauthLogin",
          "uri": "jaxrs/authentication/oauth/login/name/{name}/code/{code}/redirecturi/{redirectUri}",
          "method": "GET"
        },
        {
          "name": "switchUser",
          "uri": "jaxrs/authentication/switchuser",
          "method": "PUT",
          "enctype": "application/json"
        },
        {
          "name": "switchUserMockPutToPost",
          "uri": "jaxrs/authentication/switchuser/mockputtopost",
          "method": "POST",
          "enctype": "application/json"
        },
        {
          "name": "safeLogout",
          "uri": "jaxrs/authentication/safe/logout",
          "method": "GET"
        },
        {
          "name": "oauthLoginQywx",
          "uri": "jaxrs/authentication/oauth/login/qywx/code/{code}",
          "method": "GET"
        },
        {
          "name": "oauthLoginDingding",
          "uri": "jaxrs/authentication/oauth/login/dingding/code/{code}",
          "method": "GET"
        },
        {
          "name": "oauthBind",
          "uri": "jaxrs/authentication/oauth/bind/name/{name}/code/{code}/redirecturi/{redirectUri}",
          "method": "GET"
        },
        {
          "name": "logoutMockDeleteToGet",
          "uri": "jaxrs/authentication/mockdeletetoget",
          "method": "GET"
        },
        {
          "name": "bindLogin",
          "uri": "jaxrs/authentication/bind/meta/{meta}",
          "method": "GET"
        },
        {
          "name": "bindMeta",
          "uri": "jaxrs/authentication/bind/meta/{meta}",
          "method": "POST",
          "enctype": "application/json"
        },
        {
          "name": "oauthList",
          "uri": "jaxrs/authentication/oauth/list",
          "method": "GET"
        },
        {
          "name": "captchaLogin",
          "uri": "jaxrs/authentication/captcha",
          "method": "POST",
          "enctype": "application/json"
        },
        {
          "name": "captcha",
          "uri": "jaxrs/authentication/captcha/width/{width}/height/{height}",
          "method": "GET"
        },
        {
          "name": "twoFactoryLogin",
          "uri": "jaxrs/authentication/two/factory/login",
          "method": "POST",
          "enctype": "application/json"
        },
        {
          "name": "qiyeweixinOauthConfig",
          "uri": "jaxrs/authentication/oauth/qywx/config",
          "method": "GET"
        },
        {
          "name": "dingdingOauthConfig",
          "uri": "jaxrs/authentication/oauth/dingding/config",
          "method": "GET"
        },
        {
          "name": "oauth",
          "uri": "jaxrs/authentication/oauth/name/{name}",
          "method": "GET"
        },
        {
          "name": "login",
          "uri": "jaxrs/authentication",
          "method": "POST",
          "enctype": "application/json"
        },
        {
          "name": "logout",
          "uri": "jaxrs/authentication",
          "method": "DELETE",
          "enctype": "application/json"
        }
      ]
    },
    {
      "name": "BindAction",
      "methods": [
        {
          "name": "listNext",
          "uri": "jaxrs/bind/list",
          "method": "GET"
        }
      ]
    },
    {
      "name": "CacheAction",
      "methods": [
        {
          "name": "configFlush",
          "uri": "jaxrs/cache/config/flush",
          "method": "GET"
        },
        {
          "name": "commonScriptFlush",
          "uri": "jaxrs/cache/commonscript/flush",
          "method": "GET"
        },
        {
          "name": "receive",
          "uri": "jaxrs/cache",
          "method": "POST",
          "enctype": "application/json"
        },
        {
          "name": "detail",
          "uri": "jaxrs/cache/detail",
          "method": "GET"
        }
      ]
    },
    {
      "name": "DingdingAction",
      "methods": [
        {
          "name": "info",
          "uri": "jaxrs/dingding/info",
          "method": "POST",
          "enctype": "application/json"
        },
        {
          "name": "getLogin",
          "uri": "jaxrs/dingding/code/{code}",
          "method": "GET"
        }
      ]
    },
    {
      "name": "EchoAction",
      "methods": [
        {
          "name": "get",
          "uri": "jaxrs/echo",
          "method": "GET"
        }
      ]
    },
    {
      "name": "FireScheduleAction",
      "methods": [
        {
          "name": "execute",
          "uri": "jaxrs/fireschedule/classname/{className}",
          "method": "GET"
        }
      ]
    },
    {
      "name": "MPweixinAction",
      "methods": [
        {
          "name": "loginWithCode",
          "uri": "jaxrs/mpweixin/login/code/{code}",
          "method": "GET"
        },
        {
          "name": "bindWithCode",
          "uri": "jaxrs/mpweixin/bind/code/{code}",
          "method": "GET"
        },
        {
          "name": "testSendMessage",
          "uri": "jaxrs/mpweixin/menu/test/send/to/{person}",
          "method": "POST",
          "enctype": "application/json"
        }
      ]
    },
    {
      "name": "OauthAction",
      "methods": [
        {
          "name": "auth",
          "uri": "jaxrs/oauth/auth",
          "method": "GET"
        },
        {
          "name": "postTokenJira",
          "uri": "jaxrs/oauth/token/jira",
          "method": "POST",
          "enctype": "formData"
        },
        {
          "name": "postInfo",
          "uri": "jaxrs/oauth/info",
          "method": "POST",
          "enctype": "formData"
        },
        {
          "name": "postInfoJira",
          "uri": "jaxrs/oauth/info/jira",
          "method": "POST",
          "enctype": "formData"
        },
        {
          "name": "getInfoJira",
          "uri": "jaxrs/oauth/info/jira",
          "method": "GET"
        },
        {
          "name": "postToken",
          "uri": "jaxrs/oauth/token",
          "method": "POST",
          "enctype": "formData"
        },
        {
          "name": "getInfo",
          "uri": "jaxrs/oauth/info",
          "method": "GET"
        },
        {
          "name": "getToken",
          "uri": "jaxrs/oauth/token",
          "method": "GET"
        }
      ]
    },
    {
      "name": "QiyeweixinAction",
      "methods": [
        {
          "name": "info",
          "uri": "jaxrs/qiyeweixin/info/sign",
          "method": "POST",
          "enctype": "application/json"
        },
        {
          "name": "updatePersonInfoFromQywx",
          "uri": "jaxrs/qiyeweixin/update/person/detail/{code}",
          "method": "GET"
        },
        {
          "name": "getLogin",
          "uri": "jaxrs/qiyeweixin/code/{code}",
          "method": "GET"
        }
      ]
    },
    {
      "name": "SsoAction",
      "methods": [
        {
          "name": "postLogin",
          "uri": "jaxrs/sso",
          "method": "POST",
          "enctype": "application/json"
        },
        {
          "name": "getLogin",
          "uri": "jaxrs/sso/client/{client}/token/{token}",
          "method": "GET"
        },
        {
          "name": "postEncrypt",
          "uri": "jaxrs/sso/encrypt",
          "method": "POST",
          "enctype": "application/json"
        },
        {
          "name": "getEncrypt",
          "uri": "jaxrs/sso/encrypt/client/{client}/key/{key}/credential/{credential}",
          "method": "GET"
        }
      ]
    },
    {
      "name": "SysResourceAction",
      "methods": [
        {
          "name": "listResource",
          "uri": "jaxrs/sysresource/filePath/{filePath}",
          "method": "GET"
        }
      ]
    },
    {
      "name": "WeLinkAction",
      "methods": [
        {
          "name": "getLogin",
          "uri": "jaxrs/welink/code/{code}",
          "method": "GET"
        }
      ]
    },
    {
      "name": "ZhengwuDingdingAction",
      "methods": [
        {
          "name": "info",
          "uri": "jaxrs/zhengwudingding/info",
          "method": "POST",
          "enctype": "application/json"
        },
        {
          "name": "getLogin",
          "uri": "jaxrs/zhengwudingding/code/{code}",
          "method": "GET"
        }
      ]
    }
  ]
}